wandler_key,folder,phase,target_load,nennstrom,val_ref_mean,val_ref_std,val_dut_mean,val_dut_std,dut_name,ref_name,comparison_mode,raw_file,trace_id,err_ratio,err_std,unique_id,legend_name,color_hex
MBS ASK101.4_8R1,01_Parallel,L1,5,2000.0,99.53648712158204,23.72416411678784,99.69311083984375,23.66064865545489,PAC2,PAC1,device_ref,2025_12_04_1415-MBS-ASK101.4-2000A-8R1_sortiert.csv,"MBS ASK101.4 | PAC2 | 8,1 Ω | Parallel",0.15735307000577575,23.77082951154769,MBS ASK101.4_8R1 - 01_Parallel | PAC2,"MBS ASK101.4 | PAC2 | 8,1 Ω | Parallel",#1f4e8c
MBS ASK101.4_8R1,01_Parallel,L2,5,2000.0,100.71528820800782,23.000216343407594,100.82050607299806,22.98750042763734,PAC2,PAC1,device_ref,2025_12_04_1415-MBS-ASK101.4-2000A-8R1_sortiert.csv,"MBS ASK101.4 | PAC2 | 8,1 Ω | Parallel",0.1044705991139402,22.82424132090168,MBS ASK101.4_8R1 - 01_Parallel | PAC2,"MBS ASK101.4 | PAC2 | 8,1 Ω | Parallel",#1f4e8c
MBS ASK101.4_8R1,01_Parallel,L3,5,2000.0,100.2725243225098,14.553378369108541,100.48518560791015,14.55441773180027,PAC2,PAC1,device_ref,2025_12_04_1415-MBS-ASK101.4-2000A-8R1_sortiert.csv,"MBS ASK101.4 | PAC2 | 8,1 Ω | Parallel",0.21208330680533063,14.51486120463909,MBS ASK101.4_8R1 - 01_Parallel | PAC2,"MBS ASK101.4 | PAC2 | 8,1 Ω | Parallel",#1f4e8c
MBS ASK101.4_8R1,01_Parallel,L1,20,2000.0,400.6153235473634,24.240145569232734,399.7348528442384,24.100209316825246,PAC2,PAC1,device_ref,2025_12_04_1415-MBS-ASK101.4-2000A-8R1_sortiert.csv,"MBS ASK101.4 | PAC2 | 8,1 Ω | Parallel",-0.21977958689363966,6.015798173525422,MBS ASK101.4_8R1 - 01_Parallel | PAC2,"MBS ASK101.4 | PAC2 | 8,1 Ω | Parallel",#1f4e8c
MBS ASK101.4_8R1,01_Parallel,L2,20,2000.0,399.93526977539074,21.73490684980428,399.3903244628907,21.686582324239396,PAC2,PAC1,device_ref,2025_12_04_1415-MBS-ASK101.4-2000A-8R1_sortiert.csv,"MBS ASK101.4 | PAC2 | 8,1 Ω | Parallel",-0.13625837821357495,5.422523083902774,MBS ASK101.4_8R1 - 01_Parallel | PAC2,"MBS ASK101.4 | PAC2 | 8,1 Ω | Parallel",#1f4e8c
MBS ASK101.4_8R1,01_Parallel,L3,20,2000.0,399.6643537597656,16.686974647094683,399.44550061035164,16.635389828572414,PAC2,PAC1,device_ref,2025_12_04_1415-MBS-ASK101.4-2000A-8R1_sortiert.csv,"MBS ASK101.4 | PAC2 | 8,1 Ω | Parallel",-0.05475923668327057,4.162340141690941,MBS ASK101.4_8R1 - 01_Parallel | PAC2,"MBS ASK101.4 | PAC2 | 8,1 Ω | Parallel",#1f4e8c
MBS ASK101.4_8R1,01_Parallel,L1,100,2000.0,1999.3198916015635,21.69036105835281,1992.265538085939,21.368683978855998,PAC2,PAC1,device_ref,2025_12_04_1415-MBS-ASK101.4-2000A-8R1_sortiert.csv,"MBS ASK101.4 | PAC2 | 8,1 Ω | Parallel",-0.3528376597090563,1.068797648071141,MBS ASK101.4_8R1 - 01_Parallel | PAC2,"MBS ASK101.4 | PAC2 | 8,1 Ω | Parallel",#1f4e8c
MBS ASK101.4_8R1,01_Parallel,L2,100,2000.0,2000.7095998535167,27.589978436004632,1995.3506591796888,27.386629700621153,PAC2,PAC1,device_ref,2025_12_04_1415-MBS-ASK101.4-2000A-8R1_sortiert.csv,"MBS ASK101.4 | PAC2 | 8,1 Ω | Parallel",-0.26785199982147495,1.3688458186348624,MBS ASK101.4_8R1 - 01_Parallel | PAC2,"MBS ASK101.4 | PAC2 | 8,1 Ω | Parallel",#1f4e8c
MBS ASK101.4_8R1,01_Parallel,L3,100,2000.0,1999.920275634767,7.4568710405882355,1995.9309042968764,7.412874883549866,PAC2,PAC1,device_ref,2025_12_04_1415-MBS-ASK101.4-2000A-8R1_sortiert.csv,"MBS ASK101.4 | PAC2 | 8,1 Ω | Parallel",-0.19947651846393613,0.3706585194350834,MBS ASK101.4_8R1 - 01_Parallel | PAC2,"MBS ASK101.4 | PAC2 | 8,1 Ω | Parallel",#1f4e8c
MBS ASK101.4_8R1,01_Parallel,L1,120,2000.0,2400.2983989257837,12.351864133763772,2390.0435180664085,11.900392392904134,PAC2,PAC1,device_ref,2025_12_04_1415-MBS-ASK101.4-2000A-8R1_sortiert.csv,"MBS ASK101.4 | PAC2 | 8,1 Ω | Parallel",-0.42723358328966715,0.4957880402799073,MBS ASK101.4_8R1 - 01_Parallel | PAC2,"MBS ASK101.4 | PAC2 | 8,1 Ω | Parallel",#1f4e8c
MBS ASK101.4_8R1,01_Parallel,L2,120,2000.0,2400.2686103515653,25.80424715382649,2391.748489746096,25.50694234210331,PAC2,PAC1,device_ref,2025_12_04_1415-MBS-ASK101.4-2000A-8R1_sortiert.csv,"MBS ASK101.4 | PAC2 | 8,1 Ω | Parallel",-0.3549652971640314,1.0626703291498416,MBS ASK101.4_8R1 - 01_Parallel | PAC2,"MBS ASK101.4 | PAC2 | 8,1 Ω | Parallel",#1f4e8c
MBS ASK101.4_8R1,01_Parallel,L3,120,2000.0,2400.2999047851586,14.988244599148858,2395.0988710937527,14.976360609786052,PAC2,PAC1,device_ref,2025_12_04_1415-MBS-ASK101.4-2000A-8R1_sortiert.csv,"MBS ASK101.4 | PAC2 | 8,1 Ω | Parallel",-0.21668266040577988,0.6239370580288603,MBS ASK101.4_8R1 - 01_Parallel | PAC2,"MBS ASK101.4 | PAC2 | 8,1 Ω | Parallel",#1f4e8c
Celsa ALO_8030_K_8R1,01_Parallel,L1,5,2000.0,99.69441188049318,23.59735177695584,99.84920481872561,23.53532697998303,Pruefling,Einspeisung,device_ref,2025_12_04_1506-Celsa-ALO_8030_K-2000A-8R1_sortiert.csv,"Celsa ALO 8030 K | Pruefling | 8,1 Ω | Parallel",0.15526741701228736,23.60746859933891,Celsa ALO_8030_K_8R1 - 01_Parallel | Pruefling,"Celsa ALO 8030 K | Pruefling | 8,1 Ω | Parallel",#2c6fb2
Celsa ALO_8030_K_8R1,01_Parallel,L2,5,2000.0,100.80204489135743,23.104102300632437,100.8999834289551,23.105052444327647,Pruefling,Einspeisung,device_ref,2025_12_04_1506-Celsa-ALO_8030_K-2000A-8R1_sortiert.csv,"Celsa ALO 8030 K | Pruefling | 8,1 Ω | Parallel",0.09715927658335384,22.921214018257114,Celsa ALO_8030_K_8R1 - 01_Parallel | Pruefling,"Celsa ALO 8030 K | Pruefling | 8,1 Ω | Parallel",#2c6fb2
Celsa ALO_8030_K_8R1,01_Parallel,L3,5,2000.0,100.36540005493167,14.616197360685689,100.57723739624024,14.617920339294416,Pruefling,Einspeisung,device_ref,2025_12_04_1506-Celsa-ALO_8030_K-2000A-8R1_sortiert.csv,"Celsa ALO 8030 K | Pruefling | 8,1 Ω | Parallel",0.21106610564260614,14.564700914153466,Celsa ALO_8030_K_8R1 - 01_Parallel | Pruefling,"Celsa ALO 8030 K | Pruefling | 8,1 Ω | Parallel",#2c6fb2
Celsa ALO_8030_K_8R1,01_Parallel,L1,20,2000.0,400.806871032715,24.18161423691499,399.9349678344728,24.040710354199902,Pruefling,Einspeisung,device_ref,2025_12_04_1506-Celsa-ALO_8030_K-2000A-8R1_sortiert.csv,"Celsa ALO 8030 K | Pruefling | 8,1 Ω | Parallel",-0.21753698882348418,5.998078399269166,Celsa ALO_8030_K_8R1 - 01_Parallel | Pruefling,"Celsa ALO 8030 K | Pruefling | 8,1 Ω | Parallel",#2c6fb2
Celsa ALO_8030_K_8R1,01_Parallel,L2,20,2000.0,400.2930286254884,21.701825812459894,399.74464697265637,21.656276651604053,Pruefling,Einspeisung,device_ref,2025_12_04_1506-Celsa-ALO_8030_K-2000A-8R1_sortiert.csv,"Celsa ALO 8030 K | Pruefling | 8,1 Ω | Parallel",-0.1369950545266849,5.4101058731816005,Celsa ALO_8030_K_8R1 - 01_Parallel | Pruefling,"Celsa ALO 8030 K | Pruefling | 8,1 Ω | Parallel",#2c6fb2
Celsa ALO_8030_K_8R1,01_Parallel,L3,20,2000.0,399.9302322998047,16.47912535049377,399.69418048095713,16.43645959712441,Pruefling,Einspeisung,device_ref,2025_12_04_1506-Celsa-ALO_8030_K-2000A-8R1_sortiert.csv,"Celsa ALO 8030 K | Pruefling | 8,1 Ω | Parallel",-0.059023249502828834,4.109831733051615,Celsa ALO_8030_K_8R1 - 01_Parallel | Pruefling,"Celsa ALO 8030 K | Pruefling | 8,1 Ω | Parallel",#2c6fb2
Celsa ALO_8030_K_8R1,01_Parallel,L1,100,2000.0,1999.196885986329,21.69303819867908,1992.1459665527357,21.37113244460885,Pruefling,Einspeisung,device_ref,2025_12_04_1506-Celsa-ALO_8030_K-2000A-8R1_sortiert.csv,"Celsa ALO 8030 K | Pruefling | 8,1 Ω | Parallel",-0.3526875958550113,1.0689858810011668,Celsa ALO_8030_K_8R1 - 01_Parallel | Pruefling,"Celsa ALO 8030 K | Pruefling | 8,1 Ω | Parallel",#2c6fb2
Celsa ALO_8030_K_8R1,01_Parallel,L2,100,2000.0,2000.513100585939,27.703091401706413,1995.162176025392,27.496117102871246,Pruefling,Einspeisung,device_ref,2025_12_04_1506-Celsa-ALO_8030_K-2000A-8R1_sortiert.csv,"Celsa ALO 8030 K | Pruefling | 8,1 Ω | Parallel",-0.267477606569017,1.3744532387624848,Celsa ALO_8030_K_8R1 - 01_Parallel | Pruefling,"Celsa ALO 8030 K | Pruefling | 8,1 Ω | Parallel",#2c6fb2
Celsa ALO_8030_K_8R1,01_Parallel,L3,100,2000.0,1999.895599853517,7.493869410210867,1995.904291015626,7.447547362743184,Pruefling,Einspeisung,device_ref,2025_12_04_1506-Celsa-ALO_8030_K-2000A-8R1_sortiert.csv,"Celsa ALO 8030 K | Pruefling | 8,1 Ω | Parallel",-0.19957585976904635,0.37239680727777397,Celsa ALO_8030_K_8R1 - 01_Parallel | Pruefling,"Celsa ALO 8030 K | Pruefling | 8,1 Ω | Parallel",#2c6fb2
Celsa ALO_8030_K_8R1,01_Parallel,L1,120,2000.0,2400.2567705078145,12.380437830281817,2390.0069321289084,11.926779247277347,Pruefling,Einspeisung,device_ref,2025_12_04_1506-Celsa-ALO_8030_K-2000A-8R1_sortiert.csv,"Celsa ALO 8030 K | Pruefling | 8,1 Ω | Parallel",-0.4270309120610296,0.4968959735401158,Celsa ALO_8030_K_8R1 - 01_Parallel | Pruefling,"Celsa ALO 8030 K | Pruefling | 8,1 Ω | Parallel",#2c6fb2
Celsa ALO_8030_K_8R1,01_Parallel,L2,120,2000.0,2400.2590307617215,25.814305758295127,2391.7406093750024,25.515274014761378,Pruefling,Einspeisung,device_ref,2025_12_04_1506-Celsa-ALO_8030_K-2000A-8R1_sortiert.csv,"Celsa ALO 8030 K | Pruefling | 8,1 Ω | Parallel",-0.3548959207130184,1.0630216858996302,Celsa ALO_8030_K_8R1 - 01_Parallel | Pruefling,"Celsa ALO 8030 K | Pruefling | 8,1 Ω | Parallel",#2c6fb2
Celsa ALO_8030_K_8R1,01_Parallel,L3,120,2000.0,2400.166385253908,15.009858182257577,2394.9645717773465,14.998895964498631,Pruefling,Einspeisung,device_ref,2025_12_04_1506-Celsa-ALO_8030_K-2000A-8R1_sortiert.csv,"Celsa ALO 8030 K | Pruefling | 8,1 Ω | Parallel",-0.21672720310227253,0.6249106752202069,Celsa ALO_8030_K_8R1 - 01_Parallel | Pruefling,"Celsa ALO 8030 K | Pruefling | 8,1 Ω | Parallel",#2c6fb2
Redur 13A1030.3ffp_8R1,01_Parallel,L1,5,2000.0,98.9629464416504,14.336827396208406,99.39851274108888,14.274372664300724,Pruefling,Einspeisung,device_ref,2025_12_05_1020-Redur-13A1030.3ffp-2000A-8R1_sortiert.csv,"Redur 13A1030.3ffp | Pruefling | 8,1 Ω | Parallel",0.44013069042491754,14.42395682177576,Redur 13A1030.3ffp_8R1 - 01_Parallel | Pruefling,"Redur 13A1030.3ffp | Pruefling | 8,1 Ω | Parallel",#4a8fd1
Redur 13A1030.3ffp_8R1,01_Parallel,L2,5,2000.0,100.85449183654784,10.103899545770307,101.30249555969242,10.021649170891065,Pruefling,Einspeisung,device_ref,2025_12_05_1020-Redur-13A1030.3ffp-2000A-8R1_sortiert.csv,"Redur 13A1030.3ffp | Pruefling | 8,1 Ω | Parallel",0.4442080020299425,9.936740534207324,Redur 13A1030.3ffp_8R1 - 01_Parallel | Pruefling,"Redur 13A1030.3ffp | Pruefling | 8,1 Ω | Parallel",#4a8fd1
Redur 13A1030.3ffp_8R1,01_Parallel,L3,5,2000.0,100.36694395446777,11.493746607948989,100.78983293151859,11.487772870741965,Pruefling,Einspeisung,device_ref,2025_12_05_1020-Redur-13A1030.3ffp-2000A-8R1_sortiert.csv,"Redur 13A1030.3ffp | Pruefling | 8,1 Ω | Parallel",0.4213428848074365,11.445773297584392,Redur 13A1030.3ffp_8R1 - 01_Parallel | Pruefling,"Redur 13A1030.3ffp | Pruefling | 8,1 Ω | Parallel",#4a8fd1
Redur 13A1030.3ffp_8R1,01_Parallel,L1,20,2000.0,400.2012413330079,10.216928755303696,400.4716881713868,10.235099670043383,Pruefling,Einspeisung,device_ref,2025_12_05_1020-Redur-13A1030.3ffp-2000A-8R1_sortiert.csv,"Redur 13A1030.3ffp | Pruefling | 8,1 Ω | Parallel",0.06757771102310928,2.557488236656104,Redur 13A1030.3ffp_8R1 - 01_Parallel | Pruefling,"Redur 13A1030.3ffp | Pruefling | 8,1 Ω | Parallel",#4a8fd1
Redur 13A1030.3ffp_8R1,01_Parallel,L2,20,2000.0,401.20920416259776,19.17395886499116,401.6786339111329,19.221917590310813,Pruefling,Einspeisung,device_ref,2025_12_05_1020-Redur-13A1030.3ffp-2000A-8R1_sortiert.csv,"Redur 13A1030.3ffp | Pruefling | 8,1 Ω | Parallel",0.1170037336294302,4.7909961663094744,Redur 13A1030.3ffp_8R1 - 01_Parallel | Pruefling,"Redur 13A1030.3ffp | Pruefling | 8,1 Ω | Parallel",#4a8fd1
Redur 13A1030.3ffp_8R1,01_Parallel,L3,20,2000.0,399.7431149902345,7.936288801783353,400.3360728759767,7.940802760638817,Pruefling,Einspeisung,device_ref,2025_12_05_1020-Redur-13A1030.3ffp-2000A-8R1_sortiert.csv,"Redur 13A1030.3ffp | Pruefling | 8,1 Ω | Parallel",0.14833473385943516,1.9864764302026332,Redur 13A1030.3ffp_8R1 - 01_Parallel | Pruefling,"Redur 13A1030.3ffp | Pruefling | 8,1 Ω | Parallel",#4a8fd1
Redur 13A1030.3ffp_8R1,01_Parallel,L1,100,2000.0,1999.875835937501,17.236107178532617,1998.2400175781258,17.18612399212432,Pruefling,Einspeisung,device_ref,2025_12_05_1020-Redur-13A1030.3ffp-2000A-8R1_sortiert.csv,"Redur 13A1030.3ffp | Pruefling | 8,1 Ω | Parallel",-0.081795996030342,0.859359550392678,Redur 13A1030.3ffp_8R1 - 01_Parallel | Pruefling,"Redur 13A1030.3ffp | Pruefling | 8,1 Ω | Parallel",#4a8fd1
Redur 13A1030.3ffp_8R1,01_Parallel,L2,100,2000.0,1998.552424072267,13.58115926835199,1998.0104187011727,13.522941915507968,Pruefling,Einspeisung,device_ref,2025_12_05_1020-Redur-13A1030.3ffp-2000A-8R1_sortiert.csv,"Redur 13A1030.3ffp | Pruefling | 8,1 Ω | Parallel",-0.027119897610187512,0.6766368373741986,Redur 13A1030.3ffp_8R1 - 01_Parallel | Pruefling,"Redur 13A1030.3ffp | Pruefling | 8,1 Ω | Parallel",#4a8fd1
Redur 13A1030.3ffp_8R1,01_Parallel,L3,100,2000.0,2000.1823969726577,12.917054128320833,2000.5164487304698,12.861354440371683,Pruefling,Einspeisung,device_ref,2025_12_05_1020-Redur-13A1030.3ffp-2000A-8R1_sortiert.csv,"Redur 13A1030.3ffp | Pruefling | 8,1 Ω | Parallel",0.016701064778780906,0.6430090805637411,Redur 13A1030.3ffp_8R1 - 01_Parallel | Pruefling,"Redur 13A1030.3ffp | Pruefling | 8,1 Ω | Parallel",#4a8fd1
Redur 13A1030.3ffp_8R1,01_Parallel,L1,120,2000.0,2399.79144824219,18.479395559218478,2397.3830439453145,18.418571050987513,Pruefling,Einspeisung,device_ref,2025_12_05_1020-Redur-13A1030.3ffp-2000A-8R1_sortiert.csv,"Redur 13A1030.3ffp | Pruefling | 8,1 Ω | Parallel",-0.10035889988022943,0.7675071541937042,Redur 13A1030.3ffp_8R1 - 01_Parallel | Pruefling,"Redur 13A1030.3ffp | Pruefling | 8,1 Ω | Parallel",#4a8fd1
Redur 13A1030.3ffp_8R1,01_Parallel,L2,120,2000.0,2400.4294799804716,17.972432756313808,2388.061639160158,17.308347578264172,Pruefling,Einspeisung,device_ref,2025_12_05_1020-Redur-13A1030.3ffp-2000A-8R1_sortiert.csv,"Redur 13A1030.3ffp | Pruefling | 8,1 Ω | Parallel",-0.5152344996368837,0.7210521168239019,Redur 13A1030.3ffp_8R1 - 01_Parallel | Pruefling,"Redur 13A1030.3ffp | Pruefling | 8,1 Ω | Parallel",#4a8fd1
Redur 13A1030.3ffp_8R1,01_Parallel,L3,120,2000.0,2400.4390468750025,11.990693617020547,2400.2954765625027,11.96829681373535,Pruefling,Einspeisung,device_ref,2025_12_05_1020-Redur-13A1030.3ffp-2000A-8R1_sortiert.csv,"Redur 13A1030.3ffp | Pruefling | 8,1 Ω | Parallel",-0.005981002212355228,0.4985878241447625,Redur 13A1030.3ffp_8R1 - 01_Parallel | Pruefling,"Redur 13A1030.3ffp | Pruefling | 8,1 Ω | Parallel",#4a8fd1
Redur 13A1030.3ffp_0R0,01_Parallel,L1,5,2000.0,100.06121781921388,19.297751037343158,100.98107041931155,19.592326460665355,Pruefling,Einspeisung,device_ref,2025_12_05_1057-Redur-13A1030.3ffp-2000A-0R0_sortiert.csv,"Redur 13A1030.3ffp | Pruefling | 0,0 Ω | Parallel",0.9192898309109312,19.580339803642897,Redur 13A1030.3ffp_0R0 - 01_Parallel | Pruefling,"Redur 13A1030.3ffp | Pruefling | 0,0 Ω | Parallel",#6aa9e3
Redur 13A1030.3ffp_0R0,01_Parallel,L2,5,2000.0,101.43174723815919,12.285865548313588,102.16130198669434,12.39079727165512,Pruefling,Einspeisung,device_ref,2025_12_05_1057-Redur-13A1030.3ffp-2000A-0R0_sortiert.csv,"Redur 13A1030.3ffp | Pruefling | 0,0 Ω | Parallel",0.7192568090364986,12.215896510746129,Redur 13A1030.3ffp_0R0 - 01_Parallel | Pruefling,"Redur 13A1030.3ffp | Pruefling | 0,0 Ω | Parallel",#6aa9e3
Redur 13A1030.3ffp_0R0,01_Parallel,L3,5,2000.0,101.17780085754394,7.45016819549423,101.83114862060549,7.523135960724921,Pruefling,Einspeisung,device_ref,2025_12_05_1057-Redur-13A1030.3ffp-2000A-0R0_sortiert.csv,"Redur 13A1030.3ffp | Pruefling | 0,0 Ω | Parallel",0.6457422058238304,7.435559872780123,Redur 13A1030.3ffp_0R0 - 01_Parallel | Pruefling,"Redur 13A1030.3ffp | Pruefling | 0,0 Ω | Parallel",#6aa9e3
Redur 13A1030.3ffp_0R0,01_Parallel,L1,20,2000.0,399.79585552978523,9.66191777957203,400.57705126953135,9.549963984545586,Pruefling,Einspeisung,device_ref,2025_12_05_1057-Redur-13A1030.3ffp-2000A-0R0_sortiert.csv,"Redur 13A1030.3ffp | Pruefling | 0,0 Ω | Parallel",0.1953986588257477,2.388710101031576,Redur 13A1030.3ffp_0R0 - 01_Parallel | Pruefling,"Redur 13A1030.3ffp | Pruefling | 0,0 Ω | Parallel",#6aa9e3
Redur 13A1030.3ffp_0R0,01_Parallel,L2,20,2000.0,401.2407553710939,23.429831647030458,402.39519403076184,23.51094183871915,Pruefling,Einspeisung,device_ref,2025_12_05_1057-Redur-13A1030.3ffp-2000A-0R0_sortiert.csv,"Redur 13A1030.3ffp | Pruefling | 0,0 Ω | Parallel",0.2877171982692185,5.859559759071504,Redur 13A1030.3ffp_0R0 - 01_Parallel | Pruefling,"Redur 13A1030.3ffp | Pruefling | 0,0 Ω | Parallel",#6aa9e3
Redur 13A1030.3ffp_0R0,01_Parallel,L3,20,2000.0,400.0138630371095,9.597921902451763,401.00491888427734,9.660721216445049,Pruefling,Einspeisung,device_ref,2025_12_05_1057-Redur-13A1030.3ffp-2000A-0R0_sortiert.csv,"Redur 13A1030.3ffp | Pruefling | 0,0 Ω | Parallel",0.24775537518705995,2.415096602676697,Redur 13A1030.3ffp_0R0 - 01_Parallel | Pruefling,"Redur 13A1030.3ffp | Pruefling | 0,0 Ω | Parallel",#6aa9e3
Redur 13A1030.3ffp_0R0,01_Parallel,L1,100,2000.0,1999.3022778320326,10.480256809558584,1999.1287941894545,10.268798388257759,Pruefling,Einspeisung,device_ref,2025_12_05_1057-Redur-13A1030.3ffp-2000A-0R0_sortiert.csv,"Redur 13A1030.3ffp | Pruefling | 0,0 Ω | Parallel",-0.008677209269534154,0.5136191011292627,Redur 13A1030.3ffp_0R0 - 01_Parallel | Pruefling,"Redur 13A1030.3ffp | Pruefling | 0,0 Ω | Parallel",#6aa9e3
Redur 13A1030.3ffp_0R0,01_Parallel,L2,100,2000.0,1998.5917319335947,11.62702145910448,1999.8887131347667,11.682491538950226,Pruefling,Einspeisung,device_ref,2025_12_05_1057-Redur-13A1030.3ffp-2000A-0R0_sortiert.csv,"Redur 13A1030.3ffp | Pruefling | 0,0 Ω | Parallel",0.06489475466393534,0.5845361687575714,Redur 13A1030.3ffp_0R0 - 01_Parallel | Pruefling,"Redur 13A1030.3ffp | Pruefling | 0,0 Ω | Parallel",#6aa9e3
Redur 13A1030.3ffp_0R0,01_Parallel,L3,100,2000.0,1999.4776645507827,7.999748541094571,2001.2218293457042,8.055570545157943,Pruefling,Einspeisung,device_ref,2025_12_05_1057-Redur-13A1030.3ffp-2000A-0R0_sortiert.csv,"Redur 13A1030.3ffp | Pruefling | 0,0 Ω | Parallel",0.08723102167352159,0.4028837474895108,Redur 13A1030.3ffp_0R0 - 01_Parallel | Pruefling,"Redur 13A1030.3ffp | Pruefling | 0,0 Ω | Parallel",#6aa9e3
Redur 13A1030.3ffp_0R0,01_Parallel,L1,120,2000.0,2399.305318359378,12.15693047428742,2398.8589355468775,12.088955395015395,Pruefling,Einspeisung,device_ref,2025_12_05_1057-Redur-13A1030.3ffp-2000A-0R0_sortiert.csv,"Redur 13A1030.3ffp | Pruefling | 0,0 Ω | Parallel",-0.01860466898833836,0.5038523151893693,Redur 13A1030.3ffp_0R0 - 01_Parallel | Pruefling,"Redur 13A1030.3ffp | Pruefling | 0,0 Ω | Parallel",#6aa9e3
Redur 13A1030.3ffp_0R0,01_Parallel,L2,120,2000.0,2401.622329101565,5.894493993717514,2402.4999970703147,5.929245564901574,Pruefling,Einspeisung,device_ref,2025_12_05_1057-Redur-13A1030.3ffp-2000A-0R0_sortiert.csv,"Redur 13A1030.3ffp | Pruefling | 0,0 Ω | Parallel",0.03654479549572553,0.24688501156298276,Redur 13A1030.3ffp_0R0 - 01_Parallel | Pruefling,"Redur 13A1030.3ffp | Pruefling | 0,0 Ω | Parallel",#6aa9e3
Redur 13A1030.3ffp_0R0,01_Parallel,L3,120,2000.0,2399.459827636721,4.0369276231231,2401.234017578127,4.077496915051796,Pruefling,Einspeisung,device_ref,2025_12_05_1057-Redur-13A1030.3ffp-2000A-0R0_sortiert.csv,"Redur 13A1030.3ffp | Pruefling | 0,0 Ω | Parallel",0.07394122297739533,0.1699339521373779,Redur 13A1030.3ffp_0R0 - 01_Parallel | Pruefling,"Redur 13A1030.3ffp | Pruefling | 0,0 Ω | Parallel",#6aa9e3
Celsa ALO_8030_K_8R1,02_Dreieck,L1,5,2000.0,100.26738643646242,21.80175646172373,100.24840936279297,21.842465849352795,Pruefling,Einspeisung,device_ref,2025_12_08_1026-Celsa-ALO_8030_K-2000A-8R1_sortiert.csv,"Celsa ALO 8030 K | Pruefling | 8,1 Ω | Dreieck",-0.018926466864150716,21.784217805651053,Celsa ALO_8030_K_8R1 - 02_Dreieck | Pruefling,"Celsa ALO 8030 K | Pruefling | 8,1 Ω | Dreieck",#8c4a2f
Celsa ALO_8030_K_8R1,02_Dreieck,L2,5,2000.0,99.65340496826175,15.063820872760122,99.83463178253176,15.047520752365124,Pruefling,Einspeisung,device_ref,2025_12_08_1026-Celsa-ALO_8030_K-2000A-8R1_sortiert.csv,"Celsa ALO 8030 K | Pruefling | 8,1 Ω | Dreieck",0.18185712201978763,15.0998561034192,Celsa ALO_8030_K_8R1 - 02_Dreieck | Pruefling,"Celsa ALO 8030 K | Pruefling | 8,1 Ω | Dreieck",#8c4a2f
Celsa ALO_8030_K_8R1,02_Dreieck,L3,5,2000.0,100.25766369628906,7.995419494969606,100.46505754089357,8.143587511826988,Pruefling,Einspeisung,device_ref,2025_12_08_1026-Celsa-ALO_8030_K-2000A-8R1_sortiert.csv,"Celsa ALO 8030 K | Pruefling | 8,1 Ω | Dreieck",0.2068608393197447,8.122658370033827,Celsa ALO_8030_K_8R1 - 02_Dreieck | Pruefling,"Celsa ALO 8030 K | Pruefling | 8,1 Ω | Dreieck",#8c4a2f
Celsa ALO_8030_K_8R1,02_Dreieck,L1,20,2000.0,399.6565944213868,23.17461020511224,399.1699671020509,23.0836650930161,Pruefling,Einspeisung,device_ref,2025_12_08_1026-Celsa-ALO_8030_K-2000A-8R1_sortiert.csv,"Celsa ALO 8030 K | Pruefling | 8,1 Ω | Dreieck",-0.12176136366282005,5.775874942445546,Celsa ALO_8030_K_8R1 - 02_Dreieck | Pruefling,"Celsa ALO 8030 K | Pruefling | 8,1 Ω | Dreieck",#8c4a2f
Celsa ALO_8030_K_8R1,02_Dreieck,L2,20,2000.0,400.0538963623048,18.54795380095256,399.4987703857423,18.450025437741665,Pruefling,Einspeisung,device_ref,2025_12_08_1026-Celsa-ALO_8030_K-2000A-8R1_sortiert.csv,"Celsa ALO 8030 K | Pruefling | 8,1 Ω | Dreieck",-0.13876279711564682,4.611884949879999,Celsa ALO_8030_K_8R1 - 02_Dreieck | Pruefling,"Celsa ALO 8030 K | Pruefling | 8,1 Ω | Dreieck",#8c4a2f
Celsa ALO_8030_K_8R1,02_Dreieck,L3,20,2000.0,399.42348846435556,8.96452971750894,398.9884615478516,8.794004911885775,Pruefling,Einspeisung,device_ref,2025_12_08_1026-Celsa-ALO_8030_K-2000A-8R1_sortiert.csv,"Celsa ALO 8030 K | Pruefling | 8,1 Ω | Dreieck",-0.10891370414305647,2.2016744547737206,Celsa ALO_8030_K_8R1 - 02_Dreieck | Pruefling,"Celsa ALO 8030 K | Pruefling | 8,1 Ω | Dreieck",#8c4a2f
Celsa ALO_8030_K_8R1,02_Dreieck,L1,100,2000.0,1999.9255344238295,20.31036650462218,1993.7521286621109,20.407765217958463,Pruefling,Einspeisung,device_ref,2025_12_08_1026-Celsa-ALO_8030_K-2000A-8R1_sortiert.csv,"Celsa ALO 8030 K | Pruefling | 8,1 Ω | Dreieck",-0.30868178116927614,1.0204262542124027,Celsa ALO_8030_K_8R1 - 02_Dreieck | Pruefling,"Celsa ALO 8030 K | Pruefling | 8,1 Ω | Dreieck",#8c4a2f
Celsa ALO_8030_K_8R1,02_Dreieck,L2,100,2000.0,2001.4697741699233,17.706240544658698,1995.8857536621106,17.621979448040616,Pruefling,Einspeisung,device_ref,2025_12_08_1026-Celsa-ALO_8030_K-2000A-8R1_sortiert.csv,"Celsa ALO 8030 K | Pruefling | 8,1 Ω | Dreieck",-0.27899599483727494,0.8804519396426579,Celsa ALO_8030_K_8R1 - 02_Dreieck | Pruefling,"Celsa ALO 8030 K | Pruefling | 8,1 Ω | Dreieck",#8c4a2f
Celsa ALO_8030_K_8R1,02_Dreieck,L3,100,2000.0,2000.6043635253918,16.500460933610515,1995.5812543945326,16.332111221169413,Pruefling,Einspeisung,device_ref,2025_12_08_1026-Celsa-ALO_8030_K-2000A-8R1_sortiert.csv,"Celsa ALO 8030 K | Pruefling | 8,1 Ω | Dreieck",-0.2510795848714272,0.816358872295448,Celsa ALO_8030_K_8R1 - 02_Dreieck | Pruefling,"Celsa ALO 8030 K | Pruefling | 8,1 Ω | Dreieck",#8c4a2f
Celsa ALO_8030_K_8R1,02_Dreieck,L1,120,2000.0,2400.194187988284,15.09897809164636,2392.0627177734405,15.11955949230413,Pruefling,Einspeisung,device_ref,2025_12_08_1026-Celsa-ALO_8030_K-2000A-8R1_sortiert.csv,"Celsa ALO 8030 K | Pruefling | 8,1 Ω | Dreieck",-0.33878384738772926,0.629930676774805,Celsa ALO_8030_K_8R1 - 02_Dreieck | Pruefling,"Celsa ALO 8030 K | Pruefling | 8,1 Ω | Dreieck",#8c4a2f
Celsa ALO_8030_K_8R1,02_Dreieck,L2,120,2000.0,2400.229855957034,6.773900123497092,2393.060222656252,6.732084471601334,Pruefling,Einspeisung,device_ref,2025_12_08_1026-Celsa-ALO_8030_K-2000A-8R1_sortiert.csv,"Celsa ALO 8030 K | Pruefling | 8,1 Ω | Dreieck",-0.29870611279116155,0.28047665747066863,Celsa ALO_8030_K_8R1 - 02_Dreieck | Pruefling,"Celsa ALO 8030 K | Pruefling | 8,1 Ω | Dreieck",#8c4a2f
Celsa ALO_8030_K_8R1,02_Dreieck,L3,120,2000.0,2398.542999511721,9.227280319890394,2391.46005371094,8.926215283453528,Pruefling,Einspeisung,device_ref,2025_12_08_1026-Celsa-ALO_8030_K-2000A-8R1_sortiert.csv,"Celsa ALO 8030 K | Pruefling | 8,1 Ω | Dreieck",-0.29530201469070966,0.37215156389819426,Celsa ALO_8030_K_8R1 - 02_Dreieck | Pruefling,"Celsa ALO 8030 K | Pruefling | 8,1 Ω | Dreieck",#8c4a2f
MBS ASK101.4_8R1,02_Dreieck,L1,5,2000.0,99.54830027770997,22.523078362860904,99.74792359924317,22.461738009057896,Pruefling,Einspeisung,device_ref,2025_12_08_1121-MBS-ASK101.4-2000A-8R1_sortiert.csv,"MBS ASK101.4 | Pruefling | 8,1 Ω | Dreieck",0.2005291109705602,22.5636579895351,MBS ASK101.4_8R1 - 02_Dreieck | Pruefling,"MBS ASK101.4 | Pruefling | 8,1 Ω | Dreieck",#a65a2a
MBS ASK101.4_8R1,02_Dreieck,L2,5,2000.0,99.88007942199707,13.78709056519457,99.5474751739502,13.750304702276296,Pruefling,Einspeisung,device_ref,2025_12_08_1121-MBS-ASK101.4-2000A-8R1_sortiert.csv,"MBS ASK101.4 | Pruefling | 8,1 Ω | Dreieck",-0.3330035878742122,13.766813945131886,MBS ASK101.4_8R1 - 02_Dreieck | Pruefling,"MBS ASK101.4 | Pruefling | 8,1 Ω | Dreieck",#a65a2a
MBS ASK101.4_8R1,02_Dreieck,L3,5,2000.0,100.66410200500488,10.094742299965095,100.87829072570803,10.179582680726526,Pruefling,Einspeisung,device_ref,2025_12_08_1121-MBS-ASK101.4-2000A-8R1_sortiert.csv,"MBS ASK101.4 | Pruefling | 8,1 Ω | Dreieck",0.21277567319132254,10.112425857849914,MBS ASK101.4_8R1 - 02_Dreieck | Pruefling,"MBS ASK101.4 | Pruefling | 8,1 Ω | Dreieck",#a65a2a
MBS ASK101.4_8R1,02_Dreieck,L1,20,2000.0,400.946778076172,16.092572728146326,400.55703442382816,15.947203466807105,Pruefling,Einspeisung,device_ref,2025_12_08_1121-MBS-ASK101.4-2000A-8R1_sortiert.csv,"MBS ASK101.4 | Pruefling | 8,1 Ω | Dreieck",-0.09720583220893099,3.9773866105933515,MBS ASK101.4_8R1 - 02_Dreieck | Pruefling,"MBS ASK101.4 | Pruefling | 8,1 Ω | Dreieck",#a65a2a
MBS ASK101.4_8R1,02_Dreieck,L2,20,2000.0,398.90053912353517,22.333621411264016,398.0484622802735,22.286547783962547,Pruefling,Einspeisung,device_ref,2025_12_08_1121-MBS-ASK101.4-2000A-8R1_sortiert.csv,"MBS ASK101.4 | Pruefling | 8,1 Ω | Dreieck",-0.21360634035086917,5.586993648324111,MBS ASK101.4_8R1 - 02_Dreieck | Pruefling,"MBS ASK101.4 | Pruefling | 8,1 Ω | Dreieck",#a65a2a
MBS ASK101.4_8R1,02_Dreieck,L3,20,2000.0,399.802458557129,13.97335986774906,399.5738708496094,13.847371731097073,Pruefling,Einspeisung,device_ref,2025_12_08_1121-MBS-ASK101.4-2000A-8R1_sortiert.csv,"MBS ASK101.4 | Pruefling | 8,1 Ω | Dreieck",-0.057175163040403446,3.463553421124943,MBS ASK101.4_8R1 - 02_Dreieck | Pruefling,"MBS ASK101.4 | Pruefling | 8,1 Ω | Dreieck",#a65a2a
MBS ASK101.4_8R1,02_Dreieck,L1,100,2000.0,1999.9602255859384,8.416404399564376,1994.2917932128921,8.434668309737475,Pruefling,Einspeisung,device_ref,2025_12_08_1121-MBS-ASK101.4-2000A-8R1_sortiert.csv,"MBS ASK101.4 | Pruefling | 8,1 Ω | Dreieck",-0.2834272552288151,0.42174180275341866,MBS ASK101.4_8R1 - 02_Dreieck | Pruefling,"MBS ASK101.4 | Pruefling | 8,1 Ω | Dreieck",#a65a2a
MBS ASK101.4_8R1,02_Dreieck,L2,100,2000.0,2000.9987751464853,21.340465696846987,1996.9562041015638,21.366820597364285,Pruefling,Einspeisung,device_ref,2025_12_08_1121-MBS-ASK101.4-2000A-8R1_sortiert.csv,"MBS ASK101.4 | Pruefling | 8,1 Ω | Dreieck",-0.20202766214214934,1.0678077799323042,MBS ASK101.4_8R1 - 02_Dreieck | Pruefling,"MBS ASK101.4 | Pruefling | 8,1 Ω | Dreieck",#a65a2a
MBS ASK101.4_8R1,02_Dreieck,L3,100,2000.0,1999.3900678710952,10.049259447968673,1996.128639404298,10.2254010902223,Pruefling,Einspeisung,device_ref,2025_12_08_1121-MBS-ASK101.4-2000A-8R1_sortiert.csv,"MBS ASK101.4 | Pruefling | 8,1 Ω | Dreieck",-0.16312116976103438,0.5114260220923311,MBS ASK101.4_8R1 - 02_Dreieck | Pruefling,"MBS ASK101.4 | Pruefling | 8,1 Ω | Dreieck",#a65a2a
MBS ASK101.4_8R1,02_Dreieck,L1,120,2000.0,2400.0866674804715,8.86016666473737,2392.7203486328144,8.844699315017623,Pruefling,Einspeisung,device_ref,2025_12_08_1121-MBS-ASK101.4-2000A-8R1_sortiert.csv,"MBS ASK101.4 | Pruefling | 8,1 Ω | Dreieck",-0.3069188687002716,0.3685158304846751,MBS ASK101.4_8R1 - 02_Dreieck | Pruefling,"MBS ASK101.4 | Pruefling | 8,1 Ω | Dreieck",#a65a2a
MBS ASK101.4_8R1,02_Dreieck,L2,120,2000.0,2401.7360722656267,26.562062942313425,2396.2890424804714,26.45618931046518,Pruefling,Einspeisung,device_ref,2025_12_08_1121-MBS-ASK101.4-2000A-8R1_sortiert.csv,"MBS ASK101.4 | Pruefling | 8,1 Ω | Dreieck",-0.2267955187939113,1.1015444043153457,MBS ASK101.4_8R1 - 02_Dreieck | Pruefling,"MBS ASK101.4 | Pruefling | 8,1 Ω | Dreieck",#a65a2a
MBS ASK101.4_8R1,02_Dreieck,L3,120,2000.0,2401.2815424804717,13.182406768489013,2397.124655761721,13.229289318179504,Pruefling,Einspeisung,device_ref,2025_12_08_1121-MBS-ASK101.4-2000A-8R1_sortiert.csv,"MBS ASK101.4 | Pruefling | 8,1 Ω | Dreieck",-0.17311117606212514,0.550926206866769,MBS ASK101.4_8R1 - 02_Dreieck | Pruefling,"MBS ASK101.4 | Pruefling | 8,1 Ω | Dreieck",#a65a2a
Redur 13A1030.3ffp_8R1,02_Dreieck,L1,5,2000.0,99.02140321350097,19.628134222117353,99.50760559082032,19.65559128779323,Pruefling,Einspeisung,device_ref,2025_12_08_1219-Redur-13A1030.3ffp-2000A-8R1_sortiert.csv,"Redur 13A1030.3ffp | Pruefling | 8,1 Ω | Dreieck",0.49100735956148667,19.849841195861085,Redur 13A1030.3ffp_8R1 - 02_Dreieck | Pruefling,"Redur 13A1030.3ffp | Pruefling | 8,1 Ω | Dreieck",#c96a2a
Redur 13A1030.3ffp_8R1,02_Dreieck,L2,5,2000.0,100.50087459564209,25.032312614030197,100.84016014099124,24.975452918752882,Pruefling,Einspeisung,device_ref,2025_12_08_1219-Redur-13A1030.3ffp-2000A-8R1_sortiert.csv,"Redur 13A1030.3ffp | Pruefling | 8,1 Ω | Dreieck",0.3375946196630098,24.85098066980988,Redur 13A1030.3ffp_8R1 - 02_Dreieck | Pruefling,"Redur 13A1030.3ffp | Pruefling | 8,1 Ω | Dreieck",#c96a2a
Redur 13A1030.3ffp_8R1,02_Dreieck,L3,5,2000.0,100.44964627075196,5.812907971136327,100.87494729614261,5.773488443595949,Pruefling,Einspeisung,device_ref,2025_12_08_1219-Redur-13A1030.3ffp-2000A-8R1_sortiert.csv,"Redur 13A1030.3ffp | Pruefling | 8,1 Ω | Dreieck",0.4233972355107116,5.747644375007643,Redur 13A1030.3ffp_8R1 - 02_Dreieck | Pruefling,"Redur 13A1030.3ffp | Pruefling | 8,1 Ω | Dreieck",#c96a2a
Redur 13A1030.3ffp_8R1,02_Dreieck,L1,20,2000.0,400.4220549926759,13.918680918585485,400.62108361816416,13.736684686921794,Pruefling,Einspeisung,device_ref,2025_12_08_1219-Redur-13A1030.3ffp-2000A-8R1_sortiert.csv,"Redur 13A1030.3ffp | Pruefling | 8,1 Ω | Dreieck",0.04970471106840207,3.4305514682933866,Redur 13A1030.3ffp_8R1 - 02_Dreieck | Pruefling,"Redur 13A1030.3ffp | Pruefling | 8,1 Ω | Dreieck",#c96a2a
Redur 13A1030.3ffp_8R1,02_Dreieck,L2,20,2000.0,401.03106164550786,17.018777455412355,401.42029589843764,16.993826174650653,Pruefling,Einspeisung,device_ref,2025_12_08_1219-Redur-13A1030.3ffp-2000A-8R1_sortiert.csv,"Redur 13A1030.3ffp | Pruefling | 8,1 Ω | Dreieck",0.09705838029919149,4.237533647623629,Redur 13A1030.3ffp_8R1 - 02_Dreieck | Pruefling,"Redur 13A1030.3ffp | Pruefling | 8,1 Ω | Dreieck",#c96a2a
Redur 13A1030.3ffp_8R1,02_Dreieck,L3,20,2000.0,399.9204808959961,16.400760963820275,400.39297131347666,16.29956701599051,Pruefling,Einspeisung,device_ref,2025_12_08_1219-Redur-13A1030.3ffp-2000A-8R1_sortiert.csv,"Redur 13A1030.3ffp | Pruefling | 8,1 Ω | Dreieck",0.11814609154849663,4.075701994424587,Redur 13A1030.3ffp_8R1 - 02_Dreieck | Pruefling,"Redur 13A1030.3ffp | Pruefling | 8,1 Ω | Dreieck",#c96a2a
Redur 13A1030.3ffp_8R1,02_Dreieck,L1,100,2000.0,1999.328235839845,13.592536594995867,1996.9444814453138,13.704750356282943,Pruefling,Einspeisung,device_ref,2025_12_08_1219-Redur-13A1030.3ffp-2000A-8R1_sortiert.csv,"Redur 13A1030.3ffp | Pruefling | 8,1 Ω | Dreieck",-0.11922776619667573,0.6854677541492369,Redur 13A1030.3ffp_8R1 - 02_Dreieck | Pruefling,"Redur 13A1030.3ffp | Pruefling | 8,1 Ω | Dreieck",#c96a2a
Redur 13A1030.3ffp_8R1,02_Dreieck,L2,100,2000.0,1999.6195905761729,27.467937162460267,1997.7186342773448,27.260297397540185,Pruefling,Einspeisung,device_ref,2025_12_08_1219-Redur-13A1030.3ffp-2000A-8R1_sortiert.csv,"Redur 13A1030.3ffp | Pruefling | 8,1 Ω | Dreieck",-0.09506589692294092,1.3632741710479725,Redur 13A1030.3ffp_8R1 - 02_Dreieck | Pruefling,"Redur 13A1030.3ffp | Pruefling | 8,1 Ω | Dreieck",#c96a2a
Redur 13A1030.3ffp_8R1,02_Dreieck,L3,100,2000.0,1999.0523381347666,12.268364117288701,2001.845462402345,12.410253934822574,Pruefling,Einspeisung,device_ref,2025_12_08_1219-Redur-13A1030.3ffp-2000A-8R1_sortiert.csv,"Redur 13A1030.3ffp | Pruefling | 8,1 Ω | Dreieck",0.13972241818263384,0.6208068542318442,Redur 13A1030.3ffp_8R1 - 02_Dreieck | Pruefling,"Redur 13A1030.3ffp | Pruefling | 8,1 Ω | Dreieck",#c96a2a
Redur 13A1030.3ffp_8R1,02_Dreieck,L1,120,2000.0,2399.6262675781268,21.17277890276823,2396.7449130859404,20.971548198230284,Pruefling,Einspeisung,device_ref,2025_12_08_1219-Redur-13A1030.3ffp-2000A-8R1_sortiert.csv,"Redur 13A1030.3ffp | Pruefling | 8,1 Ω | Dreieck",-0.12007513549576261,0.8739506014574618,Redur 13A1030.3ffp_8R1 - 02_Dreieck | Pruefling,"Redur 13A1030.3ffp | Pruefling | 8,1 Ω | Dreieck",#c96a2a
Redur 13A1030.3ffp_8R1,02_Dreieck,L2,120,2000.0,2399.363421386721,22.89649527691865,2362.6800048828145,19.95052681848378,Pruefling,Einspeisung,device_ref,2025_12_08_1219-Redur-13A1030.3ffp-2000A-8R1_sortiert.csv,"Redur 13A1030.3ffp | Pruefling | 8,1 Ω | Dreieck",-1.5288812097795919,0.8314924967453785,Redur 13A1030.3ffp_8R1 - 02_Dreieck | Pruefling,"Redur 13A1030.3ffp | Pruefling | 8,1 Ω | Dreieck",#c96a2a
Redur 13A1030.3ffp_8R1,02_Dreieck,L3,120,2000.0,2399.428114257815,12.195574361097226,2397.784459472658,12.118596094518123,Pruefling,Einspeisung,device_ref,2025_12_08_1219-Redur-13A1030.3ffp-2000A-8R1_sortiert.csv,"Redur 13A1030.3ffp | Pruefling | 8,1 Ω | Dreieck",-0.06850193908249703,0.5050618529685194,Redur 13A1030.3ffp_8R1 - 02_Dreieck | Pruefling,"Redur 13A1030.3ffp | Pruefling | 8,1 Ω | Dreieck",#c96a2a
Redur 13A1030.3ffp_0R0,02_Dreieck,L1,5,2000.0,99.99803684997559,17.29051157799791,100.38055390930178,17.409897558548852,Pruefling,Einspeisung,device_ref,2025_12_08_1305-Redur-13A1030.3ffp-2000A-0R0_sortiert.csv,"Redur 13A1030.3ffp | Pruefling | 0,0 Ω | Dreieck",0.3825245688573571,17.410239347666856,Redur 13A1030.3ffp_0R0 - 02_Dreieck | Pruefling,"Redur 13A1030.3ffp | Pruefling | 0,0 Ω | Dreieck",#e07b39
Redur 13A1030.3ffp_0R0,02_Dreieck,L2,5,2000.0,99.11055766296388,24.18311131879401,99.62134365081788,24.230442574366496,Pruefling,Einspeisung,device_ref,2025_12_08_1305-Redur-13A1030.3ffp-2000A-0R0_sortiert.csv,"Redur 13A1030.3ffp | Pruefling | 0,0 Ω | Dreieck",0.5153699059902128,24.44789248060204,Redur 13A1030.3ffp_0R0 - 02_Dreieck | Pruefling,"Redur 13A1030.3ffp | Pruefling | 0,0 Ω | Dreieck",#e07b39
Redur 13A1030.3ffp_0R0,02_Dreieck,L3,5,2000.0,100.4448546676636,14.703881983638995,101.14591094207763,14.640602080768158,Pruefling,Einspeisung,device_ref,2025_12_08_1305-Redur-13A1030.3ffp-2000A-0R0_sortiert.csv,"Redur 13A1030.3ffp | Pruefling | 0,0 Ω | Dreieck",0.6979514050108144,14.57576112704699,Redur 13A1030.3ffp_0R0 - 02_Dreieck | Pruefling,"Redur 13A1030.3ffp | Pruefling | 0,0 Ω | Dreieck",#e07b39
Redur 13A1030.3ffp_0R0,02_Dreieck,L1,20,2000.0,399.9801802368165,22.818506914667307,400.45866546630873,22.84586723163419,Pruefling,Einspeisung,device_ref,2025_12_08_1305-Redur-13A1030.3ffp-2000A-0R0_sortiert.csv,"Redur 13A1030.3ffp | Pruefling | 0,0 Ω | Dreieck",0.11962723483171353,5.711749821730622,Redur 13A1030.3ffp_0R0 - 02_Dreieck | Pruefling,"Redur 13A1030.3ffp | Pruefling | 0,0 Ω | Dreieck",#e07b39
Redur 13A1030.3ffp_0R0,02_Dreieck,L2,20,2000.0,399.4505979614259,25.33399437838022,400.20411181640634,25.336312256895653,Pruefling,Einspeisung,device_ref,2025_12_08_1305-Redur-13A1030.3ffp-2000A-0R0_sortiert.csv,"Redur 13A1030.3ffp | Pruefling | 0,0 Ω | Dreieck",0.18863755839294183,6.342789918502595,Redur 13A1030.3ffp_0R0 - 02_Dreieck | Pruefling,"Redur 13A1030.3ffp | Pruefling | 0,0 Ω | Dreieck",#e07b39
Redur 13A1030.3ffp_0R0,02_Dreieck,L3,20,2000.0,400.1083200073243,16.479024205078545,400.9951834716798,16.60063524636506,Pruefling,Einspeisung,device_ref,2025_12_08_1305-Redur-13A1030.3ffp-2000A-0R0_sortiert.csv,"Redur 13A1030.3ffp | Pruefling | 0,0 Ω | Dreieck",0.22165584168288496,4.149035252768843,Redur 13A1030.3ffp_0R0 - 02_Dreieck | Pruefling,"Redur 13A1030.3ffp | Pruefling | 0,0 Ω | Dreieck",#e07b39
Redur 13A1030.3ffp_0R0,02_Dreieck,L1,100,2000.0,1998.9852514648446,14.87906638168782,1998.4504416503921,14.853862599543803,Pruefling,Einspeisung,device_ref,2025_12_08_1305-Redur-13A1030.3ffp-2000A-0R0_sortiert.csv,"Redur 13A1030.3ffp | Pruefling | 0,0 Ω | Dreieck",-0.026754065046782894,0.7430701446475896,Redur 13A1030.3ffp_0R0 - 02_Dreieck | Pruefling,"Redur 13A1030.3ffp | Pruefling | 0,0 Ω | Dreieck",#e07b39
Redur 13A1030.3ffp_0R0,02_Dreieck,L2,100,2000.0,1999.266489501954,20.25563900649761,1999.8386953125014,20.138848026128304,Pruefling,Einspeisung,device_ref,2025_12_08_1305-Redur-13A1030.3ffp-2000A-0R0_sortiert.csv,"Redur 13A1030.3ffp | Pruefling | 0,0 Ω | Dreieck",0.028620787351357403,1.007311838210482,Redur 13A1030.3ffp_0R0 - 02_Dreieck | Pruefling,"Redur 13A1030.3ffp | Pruefling | 0,0 Ω | Dreieck",#e07b39
Redur 13A1030.3ffp_0R0,02_Dreieck,L3,100,2000.0,2000.3273798828134,17.007119141083024,2002.2280104980482,17.04461859514018,Pruefling,Einspeisung,device_ref,2025_12_08_1305-Redur-13A1030.3ffp-2000A-0R0_sortiert.csv,"Redur 13A1030.3ffp | Pruefling | 0,0 Ω | Dreieck",0.09501597760193523,0.8520914509573285,Redur 13A1030.3ffp_0R0 - 02_Dreieck | Pruefling,"Redur 13A1030.3ffp | Pruefling | 0,0 Ω | Dreieck",#e07b39
Redur 13A1030.3ffp_0R0,02_Dreieck,L1,120,2000.0,2398.3773881835964,16.091804281158534,2397.4710483398467,16.080045498838732,Pruefling,Einspeisung,device_ref,2025_12_08_1305-Redur-13A1030.3ffp-2000A-0R0_sortiert.csv,"Redur 13A1030.3ffp | Pruefling | 0,0 Ω | Dreieck",-0.037789709334948886,0.670455182660678,Redur 13A1030.3ffp_0R0 - 02_Dreieck | Pruefling,"Redur 13A1030.3ffp | Pruefling | 0,0 Ω | Dreieck",#e07b39
Redur 13A1030.3ffp_0R0,02_Dreieck,L2,120,2000.0,2397.4060429687524,21.68671148624063,2390.9209062500026,20.26583675979536,Pruefling,Einspeisung,device_ref,2025_12_08_1305-Redur-13A1030.3ffp-2000A-0R0_sortiert.csv,"Redur 13A1030.3ffp | Pruefling | 0,0 Ω | Dreieck",-0.2705063974360862,0.8453235036773245,Redur 13A1030.3ffp_0R0 - 02_Dreieck | Pruefling,"Redur 13A1030.3ffp | Pruefling | 0,0 Ω | Dreieck",#e07b39
Redur 13A1030.3ffp_0R0,02_Dreieck,L3,120,2000.0,2399.5139501953154,10.93652105820837,2401.334421875002,10.901717683087208,Pruefling,Einspeisung,device_ref,2025_12_08_1305-Redur-13A1030.3ffp-2000A-0R0_sortiert.csv,"Redur 13A1030.3ffp | Pruefling | 0,0 Ω | Dreieck",0.07586835156922422,0.4543302480987798,Redur 13A1030.3ffp_0R0 - 02_Dreieck | Pruefling,"Redur 13A1030.3ffp | Pruefling | 0,0 Ω | Dreieck",#e07b39
